pd_aprobacion,pd_rechazo,aprobacion_auto,revision,rechazo_pct,aprobacion_final,default_auto,default_cartera_final,el_cartera_final,resultado_cartera_final
0.08,0.1,0.13894888408927286,0.21310295176385888,0.6479481641468683,0.2668106551475882,0.06151105293787138,0.07289005082533075,0.017448750791449794,0.08703582474495772
0.08,0.25,0.13894888408927286,0.6421886249100072,0.21886249100071994,0.5242620590352771,0.06151105293787138,0.12570278908166949,0.03306282748579029,0.074040631699229
0.09,0.11,0.20950323974082075,0.24190064794816415,0.5485961123110151,0.35464362850971926,0.07143343631482463,0.07480143615420383,0.01842701438109904,0.08605529754004518
0.09,0.25,0.20950323974082075,0.5881929445644348,0.20230381569474443,0.5624190064794816,0.07143343631482463,0.12180170402134621,0.032402124106522226,0.07443968060253617
0.1,0.12,0.2634989200863931,0.2203023758099352,0.5161987041036717,0.39568034557235415,0.07283699559173708,0.07437919627203637,0.018454933965260975,0.0855642075318541
0.1,0.25,0.2634989200863931,0.5349172066234701,0.2015838732901368,0.5844492440604752,0.07283699559173708,0.12017694167270385,0.03196446267825677,0.07486358304236486
0.11,0.13,0.34053275737940963,0.18718502519798416,0.4722822174226062,0.4528437724982001,0.07594175806147535,0.07885573440333676,0.020634993934623577,0.0838290738543246
0.11,0.25,0.34053275737940963,0.4636429085673146,0.19582433405327573,0.6187185025197984,0.07594175806147535,0.11797595229268668,0.031422957332469394,0.07530509479708827
0.12,0.14,0.3700503959683225,0.19078473722102232,0.43916486681065514,0.4845212383009359,0.07491541981123176,0.07972813040637908,0.02135679423076802,0.08307834266013081
0.12,0.25,0.3700503959683225,0.44132469402447805,0.18862491000719941,0.6348452123830093,0.07491541981123176,0.11622898201944126,0.031082064045832032,0.07567171932017472
0.13,0.15,0.4038876889848812,0.20374370050395968,0.3923686105111591,0.526133909287257,0.07937818908917987,0.08351974667277645,0.022720813919530635,0.08029966219711636
0.13,0.25,0.4038876889848812,0.4146868250539957,0.18142548596112312,0.6526997840172786,0.07937818908917987,0.11587479315703217,0.031191482737822462,0.07534005321202966
0.14,0.16,0.4269258459323254,0.1951043916486681,0.3779697624190065,0.5439884809215263,0.08316692079187747,0.08774314270953394,0.024173331683589965,0.07857336603712783
0.14,0.25,0.4269258459323254,0.3966882649388049,0.17638588912886968,0.6649388048956083,0.08316692079187747,0.11663876378351354,0.03166909565520905,0.07471988179655094
0.15,0.17,0.462922966162707,0.22390208783297336,0.31317494600431967,0.597264218862491,0.08584535487078361,0.09483879619099381,0.02590680265971815,0.07785898254855148
0.15,0.25,0.462922966162707,0.3722102231821454,0.16486681065514758,0.6862491000719942,0.08584535487078361,0.11702147848741158,0.03155424891172918,0.07462195713122935
0.16,0.18,0.46940244780417567,0.24694024478041757,0.2836573074154068,0.6175665946724261,0.08926159997226052,0.09953645353614912,0.027144342016513865,0.07650341636525218
0.16,0.25,0.46940244780417567,0.3758099352051836,0.15478761699064075,0.6948884089272858,0.08926159997226052,0.11834799462122365,0.0317807323102769,0.0743139331318019
0.17,0.19,0.5190784737221023,0.21526277897768178,0.265658747300216,0.6482361411087113,0.09751287792298687,0.10402141083816263,0.02809747830982369,0.07610296460391754
0.17,0.25,0.5190784737221023,0.3282937365010799,0.15262778977681785,0.7160547156227501,0.09751287792298687,0.11982106726396889,0.032109369765960585,0.0744536024421566
0.18,0.2,0.5327573794096472,0.23254139668826493,0.23470122390208784,0.6722822174226062,0.09953362066693858,0.10701423648749092,0.02857008740641288,0.07562969083953928
0.18,0.25,0.5327573794096472,0.3354931605471562,0.13174946004319654,0.7340532757379409,0.09953362066693858,0.1204755615644564,0.03208260089313905,0.07429779020287185
0.19,0.21,0.5478761699064075,0.24694024478041757,0.20518358531317496,0.696040316774658,0.10408867051939391,0.11298966474430301,0.03000909663736335,0.07471664261369351
0.19,0.25,0.5478761699064075,0.3210943124550036,0.13102951763858892,0.7405327573794096,0.10408867051939391,0.12158226925900198,0.03228481589097069,0.07416136482904158
0.2,0.22,0.5572354211663066,0.2584593232541397,0.18430525557955363,0.7123110151187905,0.10795231180472943,0.11732657907532337,0.030857894145862454,0.07378530078561853
0.2,0.25,0.5572354211663066,0.3117350611951044,0.13102951763858892,0.7442764578833692,0.10795231180472943,0.12265135092711375,0.03257794793688064,0.07398120930610443
0.21,0.23,0.5831533477321814,0.24190064794816415,0.17494600431965443,0.72829373650108,0.11723790630947216,0.12116114664051784,0.03186096559192243,0.07324411324866208
0.21,0.25,0.5831533477321814,0.29229661627069836,0.12455003599712024,0.7585313174946003,0.11723790630947216,0.12593077561965932,0.03351453229415741,0.07344531484184823
0.22,0.24,0.6004319654427646,0.24622030237580994,0.15334773218142547,0.7481641468682504,0.12114811125211576,0.1224859806144921,0.03197103665160558,0.07349683777717991
0.22,0.25,0.6004319654427646,0.2886969042476602,0.11087113030957524,0.7736501079913606,0.12114811125211576,0.12664941067637714,0.03362121416767632,0.07330622943276875
0.23,0.25,0.6033117350611951,0.28581713462922964,0.11087113030957524,0.7748020158387328,0.12176315606714147,0.12683279754026655,0.033610810027473015,0.07331840918855602
0.23,0.25,0.6033117350611951,0.28581713462922964,0.11087113030957524,0.7748020158387328,0.12176315606714147,0.12683279754026655,0.033610810027473015,0.07331840918855602
0.24,0.26,0.6105111591072714,0.2915766738660907,0.09791216702663787,0.7854571634269258,0.12289020924455438,0.12963389780558165,0.03397819395259532,0.07291621459070237
0.24,0.25,0.6105111591072714,0.2786177105831533,0.11087113030957524,0.7776817854571633,0.12289020924455438,0.12716793721059239,0.03363400563295725,0.07340103695233068
0.25,0.27,0.6508279337652988,0.25557955363570917,0.09359251259899208,0.8041756659467243,0.13014134962132629,0.13171283425036504,0.03470322132650785,0.07289985889707265
0.25,0.25,0.6508279337652988,0.23974082073434125,0.10943124550035997,0.7946724262059035,0.13014134962132629,0.12931831746892608,0.034360951130697655,0.07337252499745239
0.26,0.28,0.6609071274298056,0.26997840172786175,0.06911447084233262,0.8228941684665226,0.13226660269719515,0.13407829491391465,0.03507528495411143,0.07276883135924503
0.26,0.25,0.6508279337652988,0.23974082073434125,0.10943124550035997,0.7946724262059035,0.13014134962132629,0.12931831746892608,0.034360951130697655,0.07337252499745239
0.27,0.29,0.6637868970482361,0.2814974802015839,0.054715622750179986,0.8326853851691864,0.13226743505073119,0.135800221316792,0.036034809858898294,0.07215362448082882
0.27,0.25,0.6508279337652988,0.23974082073434125,0.10943124550035997,0.7946724262059035,0.13014134962132629,0.12931831746892608,0.034360951130697655,0.07337252499745239
0.28,0.3,0.6760259179265659,0.2706983441324694,0.05327573794096472,0.8384449244060475,0.13241793256864381,0.13568820316080593,0.03596610917168532,0.07239596147550828
0.28,0.25,0.6508279337652988,0.23974082073434125,0.10943124550035997,0.7946724262059035,0.13014134962132629,0.12931831746892608,0.034360951130697655,0.07337252499745239
0.29,0.31,0.6861051115910727,0.26205903527717783,0.05183585313174946,0.8433405327573793,0.13542410197791502,0.13666811475835686,0.036283197114533774,0.07228828224574
0.29,0.25,0.6508279337652988,0.23974082073434125,0.10943124550035997,0.7946724262059035,0.13014134962132629,0.12931831746892608,0.034360951130697655,0.07337252499745239
0.3,0.32,0.6868250539956804,0.2735781137508999,0.03959683225341973,0.8509719222462203,0.13528214799261323,0.13725296688619754,0.03634707254970688,0.07223162594681314
0.3,0.25,0.6508279337652988,0.23974082073434125,0.10943124550035997,0.7946724262059035,0.13014134962132629,0.12931831746892608,0.034360951130697655,0.07337252499745239
